symmetry,is_stable,formation_energy_per_atom,shape_factor,efermi,elements,e_ionic,num_magnetic_sites,dos_energy_up,weighted_surface_energy_EV_PER_ANG2,types_of_magnetic_species,weighted_surface_energy,density,database_IDs,universal_anisotropy,last_updated,uncorrected_energy_per_atom,task_ids,ordering,band_gap,dos_energy_down,has_reconstructed,property_name,is_metal,builder_meta,possible_species,total_magnetization,fields_not_requested,is_gap_direct,total_magnetization_normalized_vol,e_total,nsites,formula_anonymous,material_id,origins,total_magnetization_normalized_formula_units,n,surface_anisotropy,has_props,density_atomic,volume,chemsys,energy_above_hull,weighted_work_function,deprecated,shear_modulus,formula_pretty,equilibrium_reaction_energy_per_atom,bandstructure,nelements,bulk_modulus,e_ij_max,warnings,deprecation_reasons,vbm,is_magnetic,homogeneous_poisson,e_electronic,theoretical,es_source_calc_id,xas,decomposes_to,energy_per_atom,structure,num_unique_magnetic_sites,cbm,grain_boundaries,dos,composition,composition_reduced
crystal_system=<CrystalSystem.ortho: 'Orthorhombic'> symbol='Fmm2' hall=None number=42 point_group='mm2' symprec=0.1 angle_tolerance=5.0 version='2.5.0',False,-0.28451096549999805,,2.71360918,"Ag,Br,I,S",,0,,,[],,6.288392755380496,{},,2025-09-23 22:49:00.312000+00:00,-2.94194903,"[MPID(mp-1229171), MPID(mp-1864334)]",NM,0.5861000000000001,,,summary,False,"emmet_version='0.84.3rc4' pymatgen_version='2024.11.13' run_id='32bfb79c-5ce0-41ab-ab69-69ba9fb96205' batch_id=None database_version='2025.09.25' build_date=datetime.datetime(2024, 11, 21, 20, 4, 33, 718000, tzinfo=datetime.timezone.utc) license='BY-C'","['Br-', 'I-', 'Ag+', 'S2-']",0.0005909999999990001,[],False,2.437617200186342e-06,,10,ABC2D6,mp-1229171,"[PropertyOrigin(name='structure', task_id=MPID(mp-1864334), last_updated=datetime.datetime(2021, 2, 6, 21, 21, 40, 835000, tzinfo=datetime.timezone.utc)), PropertyOrigin(name='energy', task_id=MPID(mp-1864334), last_updated=datetime.datetime(2025, 4, 7, 17, 2, 57, 648000, tzinfo=datetime.timezone.utc)), PropertyOrigin(name='electronic_structure', task_id=MPID(mp-1864334), last_updated=datetime.datetime(2021, 2, 6, 21, 21, 40, 835000, tzinfo=datetime.timezone.utc)), PropertyOrigin(name='magnetism', task_id=MPID(mp-1864334), last_updated=datetime.datetime(2021, 2, 6, 21, 21, 40, 835000, tzinfo=datetime.timezone.utc))]",0.0005909999999990001,,,"{'materials': True, 'thermo': True, 'xas': False, 'grain_boundaries': False, 'chemenv': True, 'electronic_structure': True, 'absorption': False, 'bandstructure': False, 'dos': False, 'magnetism': True, 'elasticity': False, 'dielectric': False, 'piezoelectric': False, 'surface_properties': False, 'oxi_states': True, 'provenance': True, 'charge_density': True, 'eos': False, 'phonon': False, 'insertion_electrodes': False, 'substrates': False}",24.244988095539423,242.44988095539424,Ag-Br-I-S,0.081145324999997,,False,,Ag6S2IBr,,,4,,,[],,2.1275,False,,,True,,,"[DecompositionProduct(material_id=MPID(mp-36216), formula='Ag4 S2', amount=0.6000000000000001), DecompositionProduct(material_id=MPID(mp-23231), formula='Ag1 Br1', amount=0.2), DecompositionProduct(material_id=MPID(mp-580941), formula='Ag4 I4', amount=0.2)]",-3.13384903,"Full Formula (Ag6 S2 I1 Br1)
Reduced Formula: Ag6S2IBr
abc   :   6.991657   6.938158   6.938158
angles:  88.650837  61.020833 118.979167
pbc   :       True       True       True
Sites (10)
  #  SP           a         b         c    magmom
---  ----  --------  --------  --------  --------
  0  Ag    0.98574   0.99287   0.50713         -0
  1  Ag    0.98574   0.49287   0.00713         -0
  2  Ag    0.52151   0.053807  0.946193        -0
  3  Ag    0.52151   0.467703  0.532297        -0
  4  Ag    0.327964  0.898013  0.570049        -0
  5  Ag    0.327964  0.429951  0.101987        -0
  6  S     0.490824  0.245412  0.254588        -0
  7  S     0.490824  0.745412  0.754588        -0
  8  I     0.990338  0.995169  0.004831        -0
  9  Br    0.973589  0.486795  0.513205        -0",0,2.7136,,,Ag6 S2 I1 Br1,Ag6 S2 I1 Br1
crystal_system=<CrystalSystem.tri: 'Triclinic'> symbol='P-1' hall=None number=2 point_group='-1' symprec=0.1 angle_tolerance=5.0 version='2.5.0',True,-0.33882521078273803,,3.29717518,"Ag,Bi,P,S",14.172922693333335,0,,,[],,4.147865928609672,{'icsd': ['icsd-170639']},,2025-09-23 22:50:24.821000+00:00,-14.945477898499998,"[MPID(mp-691090), MPID(mp-1673397), MPID(mp-556434), MPID(mp-2173600), MPID(mp-709050), MPID(mp-1540590), MPID(mp-2327059), MPID(mp-1606307), MPID(mp-1821869), MPID(mp-2901612), MPID(mp-1542731), MPID(mp-1475890), MPID(mp-716357)]",NM,1.183799999999999,,,summary,False,"emmet_version='0.84.3rc4' pymatgen_version='2024.11.13' run_id='32bfb79c-5ce0-41ab-ab69-69ba9fb96205' batch_id=None database_version='2025.09.25' build_date=datetime.datetime(2024, 11, 21, 20, 8, 30, 105000, tzinfo=datetime.timezone.utc) license='BY-C'","['Ag+', 'S2-', 'Bi3+', 'P4+']",0.0,[],False,0.0,21.052495523333338,20,ABC2D6,mp-556434,"[PropertyOrigin(name='structure', task_id=MPID(mp-2901612), last_updated=datetime.datetime(2023, 3, 15, 4, 40, 3, 922000, tzinfo=datetime.timezone.utc)), PropertyOrigin(name='energy', task_id=MPID(mp-2901612), last_updated=datetime.datetime(2025, 4, 7, 17, 2, 56, 722000, tzinfo=datetime.timezone.utc)), PropertyOrigin(name='magnetism', task_id=MPID(mp-2901612), last_updated=datetime.datetime(2023, 3, 15, 4, 40, 3, 922000, tzinfo=datetime.timezone.utc)), PropertyOrigin(name='dielectric', task_id=MPID(mp-1542731), last_updated=datetime.datetime(2020, 5, 9, 6, 25, 11, 25000, tzinfo=datetime.timezone.utc))]",0.0,2.622893979938953,,"{'materials': True, 'thermo': True, 'xas': True, 'grain_boundaries': False, 'chemenv': True, 'electronic_structure': True, 'absorption': False, 'bandstructure': True, 'dos': True, 'magnetism': True, 'elasticity': False, 'dielectric': True, 'piezoelectric': False, 'surface_properties': False, 'oxi_states': True, 'provenance': True, 'charge_density': True, 'eos': False, 'phonon': False, 'insertion_electrodes': False, 'substrates': True}",22.866623211222084,457.3324642244417,Ag-Bi-P-S,0.0,,False,,AgBi(PS3)2,-0.026375016427078003,"setyawan_curtarolo=BandStructureSummaryData(task_id=MPID(mp-1606307), band_gap=1.183799999999999, cbm={'band_index': {'1': [62]}, 'kpoint_index': [20], 'kpoint': <pymatgen.electronic_structure.bandstructure.Kpoint object at 0x0000028839186630>, 'energy': 4.398, 'projections': {'1': [[0.0009000000000000001, 0.0009000000000000001, 0.0007, 0.0007, 0.004200000000000001, 0.00030000000000000003, 0.00030000000000000003, 0.004200000000000001, 0.0013000000000000002, 0.0022, 0.0028, 0.0022, 0.0043, 0.0126, 0.0013000000000000002, 0.0126, 0.0028, 0.0043, 0.0016, 0.0016], [0.0001, 0.0001, 0.047400000000000005, 0.047400000000000005, 0.0004, 0.001, 0.001, 0.0004, 0.0012000000000000001, 0.00030000000000000003, 0.0, 0.00030000000000000003, 0.0021000000000000003, 0.0152, 0.0012000000000000001, 0.0152, 0.0, 0.0021000000000000003, 0.0007, 0.0007], [0.00030000000000000003, 0.00030000000000000003, 0.0018000000000000002, 0.0018000000000000002, 0.0002, 0.009600000000000001, 0.009600000000000001, 0.0002, 0.0018000000000000002, 0.0005, 0.0018000000000000002, 0.0005, 0.0, 0.0051, 0.0018000000000000002, 0.0051, 0.0018000000000000002, 0.0, 0.0, 0.0], [0.0, 0.0, 0.12090000000000001, 0.12090000000000001, 0.0012000000000000001, 0.0106, 0.0106, 0.0012000000000000001, 0.0017000000000000001, 0.0019, 0.0005, 0.0019, 0.0092, 0.0006000000000000001, 0.0017000000000000001, 0.0006000000000000001, 0.0005, 0.0092, 0.0017000000000000001, 0.0017000000000000001], [0.0023, 0.0023, 0.0012000000000000001, 0.0012000000000000001, 0.0, 0.0, 0.0, 0.0, 0.0, 0.0, 0.0, 0.0, 0.0, 0.0, 0.0, 0.0, 0.0, 0.0, 0.0, 0.0], [0.0015, 0.0015, 0.0, 0.0, 0.0, 0.0, 0.0, 0.0, 0.0, 0.0, 0.0, 0.0, 0.0, 0.0, 0.0, 0.0, 0.0, 0.0, 0.0, 0.0], [0.0005, 0.0005, 0.0004, 0.0004, 0.0, 0.0, 0.0, 0.0, 0.0, 0.0, 0.0, 0.0, 0.0, 0.0, 0.0, 0.0, 0.0, 0.0, 0.0, 0.0], [0.0, 0.0, 0.0, 0.0, 0.0, 0.0, 0.0, 0.0, 0.0, 0.0, 0.0, 0.0, 0.0, 0.0, 0.0, 0.0, 0.0, 0.0, 0.0, 0.0], [0.00030000000000000003, 0.00030000000000000003, 0.0, 0.0, 0.0, 0.0, 0.0, 0.0, 0.0, 0.0, 0.0, 0.0, 0.0, 0.0, 0.0, 0.0, 0.0, 0.0, 0.0, 0.0]]}}, vbm={'band_index': {'1': [61]}, 'kpoint_index': [9, 10, 34, 35, 63, 64, 83], 'kpoint': <pymatgen.electronic_structure.bandstructure.Kpoint object at 0x0000028839187500>, 'energy': 3.2142, 'projections': {'1': [[0.0037, 0.0037, 0.0014, 0.0014, 0.0, 0.0, 0.0, 0.0, 0.0, 0.0, 0.0, 0.0, 0.0, 0.0, 0.0, 0.0, 0.0, 0.0, 0.0001, 0.0001], [0.0061, 0.0061, 0.0012000000000000001, 0.0012000000000000001, 0.0, 0.0002, 0.0002, 0.0, 0.0044, 0.031200000000000002, 0.009000000000000001, 0.031200000000000002, 0.0, 0.0061, 0.0044, 0.0061, 0.009000000000000001, 0.0, 0.0454, 0.0454], [0.0, 0.0, 0.0011, 0.0011, 0.0, 0.0, 0.0, 0.0, 0.0021000000000000003, 0.0424, 0.0021000000000000003, 0.0424, 0.0, 0.0058000000000000005, 0.0021000000000000003, 0.0058000000000000005, 0.0021000000000000003, 0.0, 0.0001, 0.0001], [0.0001, 0.0001, 0.0002, 0.0002, 0.0, 0.0005, 0.0005, 0.0, 0.0047, 0.010400000000000001, 0.0029000000000000002, 0.010400000000000001, 0.00030000000000000003, 0.0171, 0.0047, 0.0171, 0.0029000000000000002, 0.00030000000000000003, 0.0342, 0.0342], [0.052000000000000005, 0.052000000000000005, 0.0, 0.0, 0.0, 0.0, 0.0, 0.0, 0.0, 0.0, 0.0, 0.0, 0.0, 0.0, 0.0, 0.0, 0.0, 0.0, 0.0, 0.0], [0.012400000000000001, 0.012400000000000001, 0.0, 0.0, 0.0, 0.0, 0.0, 0.0, 0.0, 0.0, 0.0, 0.0, 0.0, 0.0, 0.0, 0.0, 0.0, 0.0, 0.0, 0.0], [0.022600000000000002, 0.022600000000000002, 0.0, 0.0, 0.0, 0.0, 0.0, 0.0, 0.0, 0.0, 0.0, 0.0, 0.0, 0.0, 0.0, 0.0, 0.0, 0.0, 0.0, 0.0], [0.0034000000000000002, 0.0034000000000000002, 0.0001, 0.0001, 0.0, 0.0, 0.0, 0.0, 0.0, 0.0, 0.0, 0.0, 0.0, 0.0, 0.0, 0.0, 0.0, 0.0, 0.0, 0.0], [0.008700000000000001, 0.008700000000000001, 0.0007, 0.0007, 0.0, 0.0, 0.0, 0.0, 0.0, 0.0, 0.0, 0.0, 0.0, 0.0, 0.0, 0.0, 0.0, 0.0, 0.0, 0.0]]}}, efermi=3.29717518, is_gap_direct=False, is_metal=False, magnetic_ordering='NM', nbands=128.0, equivalent_labels={'setyawan_curtarolo': {'latimer_munro': {'\\Gamma': 'Γ', 'M': 'c', 'R': 'h', 'X': 'b', 'Z': 'q', 'L': 'r^{*}', 'N': 'N', 'Y': 'a^{*}'}, 'hinuma': {'\\Gamma': 'GAMMA', 'L': 'V_2', 'M': 'Z', 'N': 'R_2', 'R': 'T_2', 'X': 'Y_2', 'Y': 'X', 'Z': 'U_2'}}, 'latimer_munro': {'setyawan_curtarolo': {'c': 'M', 'Γ': '\\Gamma', 'h': 'R', 'b': 'X', 'q': 'Z', 'r': 'L^{*}', 'm': 'm', 'a': 'Y^{*}'}, 'hinuma': {'c': 'Z', 'Γ': 'GAMMA', 'h': 'T_2', 'b': 'Y_2', 'q': 'U_2', 'r': 'V^{*}', 'm': 'm', 'a': 'X^{*}'}}, 'hinuma': {'setyawan_curtarolo': {'GAMMA': '\\Gamma', 'Z': 'M', 'Y_2': 'X', 'X': 'Y', 'V_2': 'L', 'U_2': 'Z', 'T_2': 'R', 'R_2': 'N', 'Y': 'X^{*}'}, 'latimer_munro': {'GAMMA': 'Γ', 'Z': 'c', 'Y_2': 'b', 'U_2': 'q', 'T_2': 'h', 'Y': 'b^{*}', 'X': 'a^{*}', 'V_2': 'r^{*}', 'R_2': 'R_2'}}}, direct_gap=1.377499999999999) hinuma=BandStructureSummaryData(task_id=MPID(mp-2173600), band_gap=1.183799999999999, cbm={'band_index': {'1': [62]}, 'kpoint_index': [10], 'kpoint': <pymatgen.electronic_structure.bandstructure.Kpoint object at 0x0000028839184470>, 'energy': 4.398, 'projections': {'1': [[0.0009000000000000001, 0.0009000000000000001, 0.0007, 0.0007, 0.004200000000000001, 0.00030000000000000003, 0.00030000000000000003, 0.004200000000000001, 0.0013000000000000002, 0.0022, 0.0028, 0.0022, 0.0043, 0.0126, 0.0013000000000000002, 0.0126, 0.0028, 0.0043, 0.0016, 0.0016], [0.0001, 0.0001, 0.047400000000000005, 0.047400000000000005, 0.0004, 0.001, 0.001, 0.0004, 0.0012000000000000001, 0.00030000000000000003, 0.0, 0.00030000000000000003, 0.0021000000000000003, 0.0152, 0.0012000000000000001, 0.0152, 0.0, 0.0021000000000000003, 0.0007, 0.0007], [0.00030000000000000003, 0.00030000000000000003, 0.0018000000000000002, 0.0018000000000000002, 0.0002, 0.009600000000000001, 0.009600000000000001, 0.0002, 0.0018000000000000002, 0.0005, 0.0018000000000000002, 0.0005, 0.0, 0.0051, 0.0018000000000000002, 0.0051, 0.0018000000000000002, 0.0, 0.0, 0.0], [0.0, 0.0, 0.12090000000000001, 0.12090000000000001, 0.0012000000000000001, 0.0106, 0.0106, 0.0012000000000000001, 0.0017000000000000001, 0.0019, 0.0005, 0.0019, 0.0092, 0.0006000000000000001, 0.0017000000000000001, 0.0006000000000000001, 0.0005, 0.0092, 0.0017000000000000001, 0.0017000000000000001], [0.0023, 0.0023, 0.0012000000000000001, 0.0012000000000000001, 0.0, 0.0, 0.0, 0.0, 0.0, 0.0, 0.0, 0.0, 0.0, 0.0, 0.0, 0.0, 0.0, 0.0, 0.0, 0.0], [0.0015, 0.0015, 0.0, 0.0, 0.0, 0.0, 0.0, 0.0, 0.0, 0.0, 0.0, 0.0, 0.0, 0.0, 0.0, 0.0, 0.0, 0.0, 0.0, 0.0], [0.0005, 0.0005, 0.0004, 0.0004, 0.0, 0.0, 0.0, 0.0, 0.0, 0.0, 0.0, 0.0, 0.0, 0.0, 0.0, 0.0, 0.0, 0.0, 0.0, 0.0], [0.0, 0.0, 0.0, 0.0, 0.0, 0.0, 0.0, 0.0, 0.0, 0.0, 0.0, 0.0, 0.0, 0.0, 0.0, 0.0, 0.0, 0.0, 0.0, 0.0], [0.00030000000000000003, 0.00030000000000000003, 0.0, 0.0, 0.0, 0.0, 0.0, 0.0, 0.0, 0.0, 0.0, 0.0, 0.0, 0.0, 0.0, 0.0, 0.0, 0.0, 0.0, 0.0]]}}, vbm={'band_index': {'1': [61]}, 'kpoint_index': [0, 20, 21, 44, 45, 69, 70], 'kpoint': <pymatgen.electronic_structure.bandstructure.Kpoint object at 0x0000028839187740>, 'energy': 3.2142, 'projections': {'1': [[0.0037, 0.0037, 0.0014, 0.0014, 0.0, 0.0, 0.0, 0.0, 0.0, 0.0, 0.0, 0.0, 0.0, 0.0, 0.0, 0.0, 0.0, 0.0, 0.0001, 0.0001], [0.0061, 0.0061, 0.0012000000000000001, 0.0012000000000000001, 0.0, 0.0002, 0.0002, 0.0, 0.0044, 0.031200000000000002, 0.009000000000000001, 0.031200000000000002, 0.0, 0.0061, 0.0044, 0.0061, 0.009000000000000001, 0.0, 0.0454, 0.0454], [0.0, 0.0, 0.0011, 0.0011, 0.0, 0.0, 0.0, 0.0, 0.0021000000000000003, 0.0424, 0.0021000000000000003, 0.0424, 0.0, 0.0058000000000000005, 0.0021000000000000003, 0.0058000000000000005, 0.0021000000000000003, 0.0, 0.0001, 0.0001], [0.0001, 0.0001, 0.0002, 0.0002, 0.0, 0.0005, 0.0005, 0.0, 0.0047, 0.010400000000000001, 0.0029000000000000002, 0.010400000000000001, 0.00030000000000000003, 0.0171, 0.0047, 0.0171, 0.0029000000000000002, 0.00030000000000000003, 0.0342, 0.0342], [0.052000000000000005, 0.052000000000000005, 0.0, 0.0, 0.0, 0.0, 0.0, 0.0, 0.0, 0.0, 0.0, 0.0, 0.0, 0.0, 0.0, 0.0, 0.0, 0.0, 0.0, 0.0], [0.012400000000000001, 0.012400000000000001, 0.0, 0.0, 0.0, 0.0, 0.0, 0.0, 0.0, 0.0, 0.0, 0.0, 0.0, 0.0, 0.0, 0.0, 0.0, 0.0, 0.0, 0.0], [0.022600000000000002, 0.022600000000000002, 0.0, 0.0, 0.0, 0.0, 0.0, 0.0, 0.0, 0.0, 0.0, 0.0, 0.0, 0.0, 0.0, 0.0, 0.0, 0.0, 0.0, 0.0], [0.0034000000000000002, 0.0034000000000000002, 0.0001, 0.0001, 0.0, 0.0, 0.0, 0.0, 0.0, 0.0, 0.0, 0.0, 0.0, 0.0, 0.0, 0.0, 0.0, 0.0, 0.0, 0.0], [0.008700000000000001, 0.008700000000000001, 0.0007, 0.0007, 0.0, 0.0, 0.0, 0.0, 0.0, 0.0, 0.0, 0.0, 0.0, 0.0, 0.0, 0.0, 0.0, 0.0, 0.0, 0.0]]}}, efermi=3.32106874, is_gap_direct=False, is_metal=False, magnetic_ordering='NM', nbands=128.0, equivalent_labels={'setyawan_curtarolo': {'latimer_munro': {'\\Gamma': 'Γ', 'M': 'c', 'R': 'h', 'X': 'b', 'Z': 'q', 'L': 'r^{*}', 'N': 'N', 'Y': 'a^{*}'}, 'hinuma': {'\\Gamma': 'GAMMA', 'L': 'V_2', 'M': 'Z', 'N': 'R_2', 'R': 'T_2', 'X': 'Y_2', 'Y': 'X', 'Z': 'U_2'}}, 'latimer_munro': {'setyawan_curtarolo': {'c': 'M', 'Γ': '\\Gamma', 'h': 'R', 'b': 'X', 'q': 'Z', 'r': 'L^{*}', 'm': 'm', 'a': 'Y^{*}'}, 'hinuma': {'c': 'Z', 'Γ': 'GAMMA', 'h': 'T_2', 'b': 'Y_2', 'q': 'U_2', 'r': 'V^{*}', 'm': 'm', 'a': 'X^{*}'}}, 'hinuma': {'setyawan_curtarolo': {'GAMMA': '\\Gamma', 'Z': 'M', 'Y_2': 'X', 'X': 'Y', 'V_2': 'L', 'U_2': 'Z', 'T_2': 'R', 'R_2': 'N', 'Y': 'X^{*}'}, 'latimer_munro': {'GAMMA': 'Γ', 'Z': 'c', 'Y_2': 'b', 'U_2': 'q', 'T_2': 'h', 'Y': 'b^{*}', 'X': 'a^{*}', 'V_2': 'r^{*}', 'R_2': 'R_2'}}}, direct_gap=1.377499999999999) latimer_munro=BandStructureSummaryData(task_id=MPID(mp-2327059), band_gap=1.183799999999999, cbm={'band_index': {'1': [62]}, 'kpoint_index': [30], 'kpoint': <pymatgen.electronic_structure.bandstructure.Kpoint object at 0x0000028839184F80>, 'energy': 4.398, 'projections': {'1': [[0.0009000000000000001, 0.0009000000000000001, 0.0007, 0.0007, 0.004200000000000001, 0.00030000000000000003, 0.00030000000000000003, 0.004200000000000001, 0.0013000000000000002, 0.0022, 0.0028, 0.0022, 0.0043, 0.0126, 0.0013000000000000002, 0.0126, 0.0028, 0.0043, 0.0016, 0.0016], [0.0001, 0.0001, 0.047400000000000005, 0.047400000000000005, 0.0004, 0.001, 0.001, 0.0004, 0.0012000000000000001, 0.00030000000000000003, 0.0, 0.00030000000000000003, 0.0021000000000000003, 0.0152, 0.0012000000000000001, 0.0152, 0.0, 0.0021000000000000003, 0.0007, 0.0007], [0.00030000000000000003, 0.00030000000000000003, 0.0018000000000000002, 0.0018000000000000002, 0.0002, 0.009600000000000001, 0.009600000000000001, 0.0002, 0.0018000000000000002, 0.0005, 0.0018000000000000002, 0.0005, 0.0, 0.0051, 0.0018000000000000002, 0.0051, 0.0018000000000000002, 0.0, 0.0, 0.0], [0.0, 0.0, 0.12090000000000001, 0.12090000000000001, 0.0012000000000000001, 0.0106, 0.0106, 0.0012000000000000001, 0.0017000000000000001, 0.0019, 0.0005, 0.0019, 0.0092, 0.0006000000000000001, 0.0017000000000000001, 0.0006000000000000001, 0.0005, 0.0092, 0.0017000000000000001, 0.0017000000000000001], [0.0023, 0.0023, 0.0012000000000000001, 0.0012000000000000001, 0.0, 0.0, 0.0, 0.0, 0.0, 0.0, 0.0, 0.0, 0.0, 0.0, 0.0, 0.0, 0.0, 0.0, 0.0, 0.0], [0.0015, 0.0015, 0.0, 0.0, 0.0, 0.0, 0.0, 0.0, 0.0, 0.0, 0.0, 0.0, 0.0, 0.0, 0.0, 0.0, 0.0, 0.0, 0.0, 0.0], [0.0005, 0.0005, 0.0004, 0.0004, 0.0, 0.0, 0.0, 0.0, 0.0, 0.0, 0.0, 0.0, 0.0, 0.0, 0.0, 0.0, 0.0, 0.0, 0.0, 0.0], [0.0, 0.0, 0.0, 0.0, 0.0, 0.0, 0.0, 0.0, 0.0, 0.0, 0.0, 0.0, 0.0, 0.0, 0.0, 0.0, 0.0, 0.0, 0.0, 0.0], [0.00030000000000000003, 0.00030000000000000003, 0.0, 0.0, 0.0, 0.0, 0.0, 0.0, 0.0, 0.0, 0.0, 0.0, 0.0, 0.0, 0.0, 0.0, 0.0, 0.0, 0.0, 0.0]]}}, vbm={'band_index': {'1': [61]}, 'kpoint_index': [11, 12, 20, 31, 41, 54, 69], 'kpoint': <pymatgen.electronic_structure.bandstructure.Kpoint object at 0x00000288391875F0>, 'energy': 3.2142, 'projections': {'1': [[0.0037, 0.0037, 0.0014, 0.0014, 0.0, 0.0, 0.0, 0.0, 0.0, 0.0, 0.0, 0.0, 0.0, 0.0, 0.0, 0.0, 0.0, 0.0, 0.0001, 0.0001], [0.0061, 0.0061, 0.0012000000000000001, 0.0012000000000000001, 0.0, 0.0002, 0.0002, 0.0, 0.0044, 0.031200000000000002, 0.009000000000000001, 0.031200000000000002, 0.0, 0.0061, 0.0044, 0.0061, 0.009000000000000001, 0.0, 0.0454, 0.0454], [0.0, 0.0, 0.0011, 0.0011, 0.0, 0.0, 0.0, 0.0, 0.0021000000000000003, 0.0424, 0.0021000000000000003, 0.0424, 0.0, 0.0058000000000000005, 0.0021000000000000003, 0.0058000000000000005, 0.0021000000000000003, 0.0, 0.0001, 0.0001], [0.0001, 0.0001, 0.0002, 0.0002, 0.0, 0.0005, 0.0005, 0.0, 0.0047, 0.010400000000000001, 0.0029000000000000002, 0.010400000000000001, 0.00030000000000000003, 0.0171, 0.0047, 0.0171, 0.0029000000000000002, 0.00030000000000000003, 0.0342, 0.0342], [0.052000000000000005, 0.052000000000000005, 0.0, 0.0, 0.0, 0.0, 0.0, 0.0, 0.0, 0.0, 0.0, 0.0, 0.0, 0.0, 0.0, 0.0, 0.0, 0.0, 0.0, 0.0], [0.012400000000000001, 0.012400000000000001, 0.0, 0.0, 0.0, 0.0, 0.0, 0.0, 0.0, 0.0, 0.0, 0.0, 0.0, 0.0, 0.0, 0.0, 0.0, 0.0, 0.0, 0.0], [0.022600000000000002, 0.022600000000000002, 0.0, 0.0, 0.0, 0.0, 0.0, 0.0, 0.0, 0.0, 0.0, 0.0, 0.0, 0.0, 0.0, 0.0, 0.0, 0.0, 0.0, 0.0], [0.0034000000000000002, 0.0034000000000000002, 0.0001, 0.0001, 0.0, 0.0, 0.0, 0.0, 0.0, 0.0, 0.0, 0.0, 0.0, 0.0, 0.0, 0.0, 0.0, 0.0, 0.0, 0.0], [0.008700000000000001, 0.008700000000000001, 0.0007, 0.0007, 0.0, 0.0, 0.0, 0.0, 0.0, 0.0, 0.0, 0.0, 0.0, 0.0, 0.0, 0.0, 0.0, 0.0, 0.0, 0.0]]}}, efermi=3.30971932, is_gap_direct=False, is_metal=False, magnetic_ordering='NM', nbands=128.0, equivalent_labels={'setyawan_curtarolo': {'latimer_munro': {'\\Gamma': 'Γ', 'M': 'c', 'R': 'h', 'X': 'b', 'Z': 'q', 'L': 'r^{*}', 'N': 'N', 'Y': 'a^{*}'}, 'hinuma': {'\\Gamma': 'GAMMA', 'L': 'V_2', 'M': 'Z', 'N': 'R_2', 'R': 'T_2', 'X': 'Y_2', 'Y': 'X', 'Z': 'U_2'}}, 'latimer_munro': {'setyawan_curtarolo': {'c': 'M', 'Γ': '\\Gamma', 'h': 'R', 'b': 'X', 'q': 'Z', 'r': 'L^{*}', 'm': 'm', 'a': 'Y^{*}'}, 'hinuma': {'c': 'Z', 'Γ': 'GAMMA', 'h': 'T_2', 'b': 'Y_2', 'q': 'U_2', 'r': 'V^{*}', 'm': 'm', 'a': 'X^{*}'}}, 'hinuma': {'setyawan_curtarolo': {'GAMMA': '\\Gamma', 'Z': 'M', 'Y_2': 'X', 'X': 'Y', 'V_2': 'L', 'U_2': 'Z', 'T_2': 'R', 'R_2': 'N', 'Y': 'X^{*}'}, 'latimer_munro': {'GAMMA': 'Γ', 'Z': 'c', 'Y_2': 'b', 'U_2': 'q', 'T_2': 'h', 'Y': 'b^{*}', 'X': 'a^{*}', 'V_2': 'r^{*}', 'R_2': 'R_2'}}}, direct_gap=1.377499999999999)",4,,,[],,3.2142,False,,6.8795728300000025,False,,"[XASSearchData(edge=<XasEdge.K: 'K'>, absorbing_element=Element Ag, spectrum_type=<XasType.EXAFS: 'EXAFS'>), XASSearchData(edge=<XasEdge.K: 'K'>, absorbing_element=Element Bi, spectrum_type=<XasType.EXAFS: 'EXAFS'>), XASSearchData(edge=<XasEdge.K: 'K'>, absorbing_element=Element P, spectrum_type=<XasType.EXAFS: 'EXAFS'>), XASSearchData(edge=<XasEdge.K: 'K'>, absorbing_element=Element S, spectrum_type=<XasType.EXAFS: 'EXAFS'>), XASSearchData(edge=<XasEdge.K: 'K'>, absorbing_element=Element Ag, spectrum_type=<XasType.XAFS: 'XAFS'>), XASSearchData(edge=<XasEdge.K: 'K'>, absorbing_element=Element Bi, spectrum_type=<XasType.XAFS: 'XAFS'>), XASSearchData(edge=<XasEdge.K: 'K'>, absorbing_element=Element P, spectrum_type=<XasType.XAFS: 'XAFS'>), XASSearchData(edge=<XasEdge.K: 'K'>, absorbing_element=Element S, spectrum_type=<XasType.XAFS: 'XAFS'>), XASSearchData(edge=<XasEdge.K: 'K'>, absorbing_element=Element Ag, spectrum_type=<XasType.XANES: 'XANES'>), XASSearchData(edge=<XasEdge.K: 'K'>, absorbing_element=Element Bi, spectrum_type=<XasType.XANES: 'XANES'>), XASSearchData(edge=<XasEdge.K: 'K'>, absorbing_element=Element P, spectrum_type=<XasType.XANES: 'XANES'>), XASSearchData(edge=<XasEdge.K: 'K'>, absorbing_element=Element S, spectrum_type=<XasType.XANES: 'XANES'>)]",,-14.945477898499998,"Full Formula (Ag2 Bi2 P4 S12)
Reduced Formula: AgBi(PS3)2
abc   :   6.443232   7.309027   9.785341
angles:  93.686143  90.380269  95.978703
pbc   :       True       True       True
Sites (20)
  #  SP           a         b         c    magmom
---  ----  --------  --------  --------  --------
  0  Ag    0.062411  0.007406  0.308198        -0
  1  Ag    0.937589  0.992594  0.691802        -0
  2  Bi    0.532033  0.36674   0.773981         0
  3  Bi    0.467967  0.63326   0.226019         0
  4  P     0.944366  0.607236  0.072512         0
  5  P     0.439968  0.883656  0.563582         0
  6  P     0.560032  0.116344  0.436418         0
  7  P     0.055634  0.392764  0.927488         0
  8  S     0.183606  0.814093  0.083622        -0
  9  S     0.676133  0.733215  0.595782         0
 10  S     0.127826  0.509472  0.75308          0
 11  S     0.323867  0.266785  0.404218         0
 12  S     0.692846  0.695433  0.978608        -0
 13  S     0.671775  0.988727  0.26141          0
 14  S     0.816394  0.185907  0.916378        -0
 15  S     0.328225  0.011273  0.73859          0
 16  S     0.872174  0.490528  0.24692          0
 17  S     0.307154  0.304567  0.021392        -0
 18  S     0.794625  0.258952  0.547975        -0
 19  S     0.205375  0.741048  0.452025        -0",0,4.398,,"total={'1': DosSummaryData(task_id=MPID(mp-1673397), band_gap=1.168199999999999, cbm=4.3953, vbm=3.2271, efermi=3.22807783, spin_polarization=None)} elemental={Element Ag: {'total': {'1': DosSummaryData(task_id=MPID(mp-1673397), band_gap=1.2305, cbm=4.4576, vbm=3.2271, efermi=3.22807783, spin_polarization=None)}, 's': {'1': DosSummaryData(task_id=MPID(mp-1673397), band_gap=1.2305, cbm=4.4576, vbm=3.2271, efermi=3.22807783, spin_polarization=None)}, 'p': {'1': DosSummaryData(task_id=MPID(mp-1673397), band_gap=1.3239, cbm=4.551, vbm=3.2271, efermi=3.22807783, spin_polarization=None)}, 'd': {'1': DosSummaryData(task_id=MPID(mp-1673397), band_gap=1.2305, cbm=4.4576, vbm=3.2271, efermi=3.22807783, spin_polarization=None)}}, Element Bi: {'total': {'1': DosSummaryData(task_id=MPID(mp-1673397), band_gap=1.168199999999999, cbm=4.3953, vbm=3.2271, efermi=3.22807783, spin_polarization=None)}, 's': {'1': DosSummaryData(task_id=MPID(mp-1673397), band_gap=1.2305, cbm=4.4576, vbm=3.2271, efermi=3.22807783, spin_polarization=None)}, 'p': {'1': DosSummaryData(task_id=MPID(mp-1673397), band_gap=1.168199999999999, cbm=4.3953, vbm=3.2271, efermi=3.22807783, spin_polarization=None)}, 'd': {'1': DosSummaryData(task_id=MPID(mp-1673397), band_gap=1.2461, cbm=4.4576, vbm=3.2115, efermi=3.22807783, spin_polarization=None)}}, Element P: {'total': {'1': DosSummaryData(task_id=MPID(mp-1673397), band_gap=1.2149, cbm=4.4264, vbm=3.2115, efermi=3.22807783, spin_polarization=None)}, 's': {'1': DosSummaryData(task_id=MPID(mp-1673397), band_gap=1.2149, cbm=4.4264, vbm=3.2115, efermi=3.22807783, spin_polarization=None)}, 'p': {'1': DosSummaryData(task_id=MPID(mp-1673397), band_gap=1.2149, cbm=4.4264, vbm=3.2115, efermi=3.22807783, spin_polarization=None)}, 'd': {'1': DosSummaryData(task_id=MPID(mp-1673397), band_gap=31.1509, cbm=17.1671, vbm=-13.9838, efermi=3.22807783, spin_polarization=None)}}, Element S: {'total': {'1': DosSummaryData(task_id=MPID(mp-1673397), band_gap=1.1837, cbm=4.4108, vbm=3.2271, efermi=3.22807783, spin_polarization=None)}, 's': {'1': DosSummaryData(task_id=MPID(mp-1673397), band_gap=1.1993, cbm=4.4108, vbm=3.2115, efermi=3.22807783, spin_polarization=None)}, 'p': {'1': DosSummaryData(task_id=MPID(mp-1673397), band_gap=1.1837, cbm=4.4108, vbm=3.2271, efermi=3.22807783, spin_polarization=None)}, 'd': {'1': DosSummaryData(task_id=MPID(mp-1673397), band_gap=31.1509, cbm=17.1671, vbm=-13.9838, efermi=3.22807783, spin_polarization=None)}}} orbital={'s': {'1': DosSummaryData(task_id=MPID(mp-1673397), band_gap=1.1837, cbm=4.4108, vbm=3.2271, efermi=3.22807783, spin_polarization=None)}, 'p': {'1': DosSummaryData(task_id=MPID(mp-1673397), band_gap=1.168199999999999, cbm=4.3953, vbm=3.2271, efermi=3.22807783, spin_polarization=None)}, 'd': {'1': DosSummaryData(task_id=MPID(mp-1673397), band_gap=1.2305, cbm=4.4576, vbm=3.2271, efermi=3.22807783, spin_polarization=None)}} magnetic_ordering='NM'",Ag2 Bi2 P4 S12,Ag1 Bi1 P2 S6
crystal_system=<CrystalSystem.trig: 'Trigonal'> symbol='R-3' hall=None number=148 point_group='-3' symprec=0.1 angle_tolerance=5.0 version='2.5.0',True,-0.46588106450148803,,2.30059783,"Ag,Bi,P,Se",,0,,,[],,4.996191648875751,{'icsd': ['icsd-195334']},,2025-09-23 22:51:33.559000+00:00,-4.036619855,"[MPID(mp-750583), MPID(mp-1937487), MPID(mp-2173448), MPID(mp-2606842), MPID(mp-1443533), MPID(mp-1105429), MPID(mp-740685), MPID(mp-569126), MPID(mp-1610979), MPID(mp-1765995), MPID(mp-747862)]",NM,1.2778,,,summary,False,"emmet_version='0.84.3rc4' pymatgen_version='2024.11.13' run_id='32bfb79c-5ce0-41ab-ab69-69ba9fb96205' batch_id=None database_version='2025.09.25' build_date=datetime.datetime(2024, 11, 21, 20, 5, 48, 708000, tzinfo=datetime.timezone.utc) license='BY-C'","['Ag+', 'Se2-', 'Bi3+', 'P4+']",0.0024487,[],False,4.3208839169788e-06,,20,ABC2D6,mp-569126,"[PropertyOrigin(name='structure', task_id=MPID(mp-1937487), last_updated=datetime.datetime(2021, 2, 10, 13, 55, 29, 929000, tzinfo=datetime.timezone.utc)), PropertyOrigin(name='energy', task_id=MPID(mp-1937487), last_updated=datetime.datetime(2025, 4, 7, 17, 2, 55, 59000, tzinfo=datetime.timezone.utc)), PropertyOrigin(name='magnetism', task_id=MPID(mp-1937487), last_updated=datetime.datetime(2021, 2, 10, 13, 55, 29, 929000, tzinfo=datetime.timezone.utc))]",0.00122435,,,"{'materials': True, 'thermo': True, 'xas': True, 'grain_boundaries': False, 'chemenv': True, 'electronic_structure': True, 'absorption': False, 'bandstructure': True, 'dos': True, 'magnetism': True, 'elasticity': False, 'dielectric': False, 'piezoelectric': False, 'surface_properties': False, 'oxi_states': True, 'provenance': True, 'charge_density': True, 'eos': False, 'phonon': False, 'insertion_electrodes': False, 'substrates': True}",28.33563741874547,566.7127483749094,Ag-Bi-P-Se,0.0,,False,,AgBi(PSe3)2,-0.023395564874998002,"setyawan_curtarolo=BandStructureSummaryData(task_id=MPID(mp-750583), band_gap=1.2778, cbm={'band_index': {'1': [62]}, 'kpoint_index': [0, 38, 39], 'kpoint': <pymatgen.electronic_structure.bandstructure.Kpoint object at 0x000002883939EC60>, 'energy': 3.5519, 'projections': {'1': [[0.008400000000000001, 0.008400000000000001, 0.0, 0.0, 0.0386, 0.0221, 0.0221, 0.0386, 0.0045000000000000005, 0.0119, 0.0119, 0.0119, 0.0045000000000000005, 0.0119, 0.0119, 0.0045000000000000005, 0.0119, 0.0045000000000000005, 0.0045000000000000005, 0.0045000000000000005], [0.0, 0.0, 0.0, 0.0, 0.0, 0.0, 0.0, 0.0, 0.00030000000000000003, 0.0099, 0.015600000000000001, 0.0006000000000000001, 0.0105, 0.015600000000000001, 0.0006000000000000001, 0.0074, 0.0099, 0.0074, 0.0105, 0.00030000000000000003], [0.0001, 0.0001, 0.001, 0.001, 0.0, 0.0, 0.0, 0.0, 0.0126, 0.0092, 0.0027, 0.014, 0.0013000000000000002, 0.0027, 0.014, 0.0041, 0.0092, 0.0041, 0.0013000000000000002, 0.0126], [0.0032, 0.0032, 0.056, 0.055900000000000005, 0.0, 0.001, 0.001, 0.0, 0.0002, 0.0037, 0.0044, 0.0081, 0.0013000000000000002, 0.0044, 0.0081, 0.0016, 0.0037, 0.0016, 0.0013000000000000002, 0.0002], [0.0, 0.0, 0.0, 0.0, 0.0, 0.0, 0.0, 0.0, 0.0, 0.0, 0.0, 0.0, 0.0002, 0.0, 0.0, 0.0002, 0.0, 0.0002, 0.0002, 0.0], [0.0, 0.0, 0.0, 0.0, 0.0, 0.0, 0.0, 0.0, 0.0, 0.0001, 0.0, 0.0002, 0.0, 0.0, 0.0002, 0.0, 0.0001, 0.0, 0.0, 0.0], [0.0, 0.0, 0.0, 0.0, 0.0, 0.0, 0.0, 0.0, 0.0002, 0.0004, 0.0, 0.0001, 0.0001, 0.0, 0.0001, 0.0, 0.0004, 0.0, 0.0001, 0.0002], [0.0, 0.0, 0.0, 0.0, 0.0, 0.0, 0.0, 0.0, 0.0001, 0.0, 0.0, 0.0001, 0.0002, 0.0, 0.0001, 0.0001, 0.0, 0.0001, 0.0002, 0.0001], [0.0, 0.0, 0.0, 0.0, 0.0, 0.0, 0.0, 0.0, 0.0004, 0.0002, 0.0007, 0.0004, 0.0002, 0.0007, 0.0004, 0.0004, 0.0002, 0.0004, 0.0002, 0.0004]]}}, vbm={'band_index': {'1': [61]}, 'kpoint_index': [45], 'kpoint': <pymatgen.electronic_structure.bandstructure.Kpoint object at 0x000002883939E990>, 'energy': 2.2741, 'projections': {'1': [[0.0001, 0.0001, 0.01, 0.01, 0.00030000000000000003, 0.0002, 0.0002, 0.00030000000000000003, 0.0, 0.0001, 0.0, 0.0001, 0.00030000000000000003, 0.0, 0.0001, 0.00030000000000000003, 0.0001, 0.00030000000000000003, 0.00030000000000000003, 0.0], [0.0004, 0.0004, 0.00030000000000000003, 0.00030000000000000003, 0.0, 0.0002, 0.0002, 0.0, 0.008700000000000001, 0.0159, 0.0016, 0.0212, 0.0349, 0.0016, 0.0212, 0.009000000000000001, 0.0159, 0.009000000000000001, 0.0349, 0.008700000000000001], [0.0004, 0.0004, 0.0006000000000000001, 0.0006000000000000001, 0.0001, 0.0002, 0.0002, 0.0001, 0.0048000000000000004, 0.0051, 0.0079, 0.0207, 0.0092, 0.0079, 0.0207, 0.0068000000000000005, 0.0051, 0.0068000000000000005, 0.0092, 0.0048000000000000004], [0.0, 0.0, 0.0007, 0.0007, 0.00030000000000000003, 0.00030000000000000003, 0.00030000000000000003, 0.00030000000000000003, 0.0041, 0.0224, 0.005, 0.0059, 0.016800000000000002, 0.005, 0.0059, 0.0412, 0.0224, 0.0412, 0.016800000000000002, 0.0041], [0.021, 0.021, 0.0002, 0.0002, 0.0, 0.0, 0.0, 0.0, 0.0001, 0.0, 0.0001, 0.0, 0.0, 0.0001, 0.0, 0.0001, 0.0, 0.0001, 0.0, 0.0001], [0.0149, 0.0149, 0.0004, 0.0004, 0.0, 0.0, 0.0, 0.0, 0.0, 0.0, 0.0, 0.0001, 0.0, 0.0, 0.0001, 0.0002, 0.0, 0.0002, 0.0, 0.0], [0.0212, 0.0212, 0.0001, 0.0001, 0.0, 0.0, 0.0, 0.0, 0.0, 0.0, 0.0, 0.0001, 0.0, 0.0, 0.0001, 0.0, 0.0, 0.0, 0.0, 0.0], [0.0066, 0.0066, 0.00030000000000000003, 0.00030000000000000003, 0.0, 0.0, 0.0, 0.0, 0.0, 0.0001, 0.0, 0.0, 0.0, 0.0, 0.0, 0.0, 0.0001, 0.0, 0.0, 0.0], [0.0036000000000000003, 0.0036000000000000003, 0.0, 0.0, 0.0, 0.0, 0.0, 0.0, 0.0, 0.0001, 0.0, 0.0, 0.0001, 0.0, 0.0, 0.0001, 0.0001, 0.0001, 0.0001, 0.0]]}}, efermi=2.30059783, is_gap_direct=False, is_metal=False, magnetic_ordering='NM', nbands=116.0, equivalent_labels={'setyawan_curtarolo': {'latimer_munro': {'\\Gamma': 'Γ', 'F': 'd', 'L': 'a', 'Z': 'g', 'B': 'B', 'B_1': 'B_1', 'L_1': 'a^{*}', 'P': 'P', 'P_1': 'P_1', 'P_2': 'P_2', 'Q': 'Q', 'X': 'X'}, 'hinuma': {'\\Gamma': 'GAMMA', 'B': 'H_4', 'B_1': 'H_6', 'F': 'F_2', 'L': 'L', 'L_1': 'L_4', 'P': 'M_4', 'P_1': 'M_6', 'P_2': 'M_8', 'Q': 'S_6', 'X': 'S_4', 'Z': 'T'}}, 'latimer_munro': {'setyawan_curtarolo': {'Γ': '\\Gamma', 'd': 'F', 'a': 'L', 'g': 'Z'}, 'hinuma': {'Γ': 'GAMMA', 'd': 'F_2', 'a': 'L', 'g': 'T'}}, 'hinuma': {'setyawan_curtarolo': {'GAMMA': '\\Gamma', 'T': 'Z', 'L': 'L', 'L_4': 'L_1', 'F_2': 'F', 'S_4': 'X', 'S_6': 'Q', 'H_4': 'B', 'H_6': 'B_1', 'M_4': 'P', 'M_6': 'P_1', 'M_8': 'P_2', 'L_2': 'L^{*}', 'F': 'F^{*}', 'S_0': 'X^{*}', 'S_2': 'S_2', 'H_0': 'H_0', 'H_2': 'H_2', 'M_0': 'P^{*}', 'M_2': 'P^{*}'}, 'latimer_munro': {'GAMMA': 'Γ', 'T': 'g', 'L': 'a', 'F_2': 'd', 'L_2': 'a^{*}', 'L_4': 'a^{*}', 'F': 'd^{*}', 'S_0': 'S_0', 'S_2': 'S_2', 'S_4': 'S_4', 'S_6': 'S_6', 'H_0': 'H_0', 'H_2': 'H_2', 'H_4': 'H_4', 'H_6': 'H_6', 'M_0': 'M_0', 'M_2': 'M_2', 'M_4': 'M_4', 'M_6': 'M_6', 'M_8': 'M_8'}}}, direct_gap=1.434499999999999) hinuma=BandStructureSummaryData(task_id=MPID(mp-2173448), band_gap=1.2908, cbm={'band_index': {'1': [62]}, 'kpoint_index': [0, 38, 39, 72], 'kpoint': <pymatgen.electronic_structure.bandstructure.Kpoint object at 0x000002883939CE00>, 'energy': 3.5645, 'projections': {'1': [[0.0086, 0.0086, 0.0, 0.0, 0.038400000000000004, 0.0219, 0.0219, 0.038400000000000004, 0.0045000000000000005, 0.012, 0.012, 0.012, 0.0045000000000000005, 0.012, 0.012, 0.0045000000000000005, 0.012, 0.0045000000000000005, 0.0045000000000000005, 0.0045000000000000005], [0.0, 0.0, 0.0, 0.0, 0.0, 0.0, 0.0, 0.0, 0.00030000000000000003, 0.0099, 0.0155, 0.0006000000000000001, 0.0105, 0.0155, 0.0006000000000000001, 0.0073, 0.0099, 0.0073, 0.0105, 0.00030000000000000003], [0.0001, 0.0001, 0.001, 0.001, 0.0, 0.0, 0.0, 0.0, 0.0125, 0.0091, 0.0027, 0.013900000000000001, 0.0012000000000000001, 0.0027, 0.013900000000000001, 0.0041, 0.0091, 0.0041, 0.0012000000000000001, 0.0125], [0.0032, 0.0032, 0.056400000000000006, 0.056400000000000006, 0.0, 0.001, 0.001, 0.0, 0.0002, 0.0037, 0.0044, 0.0081, 0.0012000000000000001, 0.0044, 0.0081, 0.0015, 0.0037, 0.0015, 0.0012000000000000001, 0.0002], [0.0, 0.0, 0.0, 0.0, 0.0, 0.0, 0.0, 0.0, 0.0, 0.0, 0.0, 0.0, 0.0002, 0.0, 0.0, 0.0002, 0.0, 0.0002, 0.0002, 0.0], [0.0, 0.0, 0.0, 0.0, 0.0, 0.0, 0.0, 0.0, 0.0, 0.0001, 0.0, 0.0002, 0.0, 0.0, 0.0002, 0.0, 0.0001, 0.0, 0.0, 0.0], [0.0, 0.0, 0.0, 0.0, 0.0, 0.0, 0.0, 0.0, 0.0002, 0.0004, 0.0, 0.0001, 0.0002, 0.0, 0.0001, 0.0, 0.0004, 0.0, 0.0002, 0.0002], [0.0, 0.0, 0.0, 0.0, 0.0, 0.0, 0.0, 0.0, 0.0001, 0.0, 0.0, 0.0001, 0.0002, 0.0, 0.0001, 0.0002, 0.0, 0.0002, 0.0002, 0.0001], [0.0, 0.0, 0.0, 0.0, 0.0, 0.0, 0.0, 0.0, 0.0004, 0.0002, 0.0007, 0.0004, 0.0002, 0.0007, 0.0004, 0.0004, 0.0002, 0.0004, 0.0002, 0.0004]]}}, vbm={'band_index': {'1': [61]}, 'kpoint_index': [45], 'kpoint': <pymatgen.electronic_structure.bandstructure.Kpoint object at 0x0000028839187D10>, 'energy': 2.2737, 'projections': {'1': [[0.0001, 0.0001, 0.01, 0.01, 0.00030000000000000003, 0.0002, 0.0002, 0.00030000000000000003, 0.00030000000000000003, 0.0, 0.0001, 0.0001, 0.0, 0.0001, 0.0001, 0.00030000000000000003, 0.0, 0.00030000000000000003, 0.0, 0.00030000000000000003], [0.0001, 0.0001, 0.0002, 0.0002, 0.0, 0.0004, 0.0004, 0.0, 0.0045000000000000005, 0.0048000000000000004, 0.0037, 0.0045000000000000005, 0.0094, 0.0037, 0.0045000000000000005, 0.0063, 0.0048000000000000004, 0.0063, 0.0094, 0.0045000000000000005], [0.0007, 0.0007, 0.0007, 0.0007, 0.0001, 0.0001, 0.0001, 0.0001, 0.0045000000000000005, 0.0021000000000000003, 0.0334, 0.0244, 0.004200000000000001, 0.0334, 0.0244, 0.0431, 0.0021000000000000003, 0.0431, 0.004200000000000001, 0.0045000000000000005], [0.0, 0.0, 0.0007, 0.0007, 0.0002, 0.0002, 0.0002, 0.0002, 0.047900000000000005, 0.0077, 0.0108, 0.014700000000000001, 0.004, 0.0108, 0.014700000000000001, 0.011600000000000001, 0.0077, 0.011600000000000001, 0.004, 0.047900000000000005], [0.0012000000000000001, 0.0012000000000000001, 0.0002, 0.0002, 0.0, 0.0, 0.0, 0.0, 0.0, 0.0, 0.0, 0.0, 0.0, 0.0, 0.0, 0.0, 0.0, 0.0, 0.0, 0.0], [0.0285, 0.0285, 0.00030000000000000003, 0.00030000000000000003, 0.0, 0.0, 0.0, 0.0, 0.0, 0.0001, 0.0002, 0.0, 0.0, 0.0002, 0.0, 0.0001, 0.0001, 0.0001, 0.0, 0.0], [0.0014, 0.0014, 0.0, 0.0, 0.0, 0.0, 0.0, 0.0, 0.0002, 0.0, 0.0, 0.0001, 0.0001, 0.0, 0.0001, 0.0, 0.0, 0.0, 0.0001, 0.0002], [0.035, 0.035, 0.0004, 0.0004, 0.0, 0.0, 0.0, 0.0, 0.0002, 0.0001, 0.0, 0.0, 0.0, 0.0, 0.0, 0.0, 0.0001, 0.0, 0.0, 0.0002], [0.0012000000000000001, 0.0012000000000000001, 0.0002, 0.0002, 0.0, 0.0, 0.0, 0.0, 0.0, 0.0, 0.0, 0.0, 0.0, 0.0, 0.0, 0.0, 0.0, 0.0, 0.0, 0.0]]}}, efermi=2.34590443, is_gap_direct=False, is_metal=False, magnetic_ordering='NM', nbands=96.0, equivalent_labels={'setyawan_curtarolo': {'latimer_munro': {'\\Gamma': 'Γ', 'F': 'd', 'L': 'a', 'Z': 'g', 'B': 'B', 'B_1': 'B_1', 'L_1': 'a^{*}', 'P': 'P', 'P_1': 'P_1', 'P_2': 'P_2', 'Q': 'Q', 'X': 'X'}, 'hinuma': {'\\Gamma': 'GAMMA', 'B': 'H_4', 'B_1': 'H_6', 'F': 'F_2', 'L': 'L', 'L_1': 'L_4', 'P': 'M_4', 'P_1': 'M_6', 'P_2': 'M_8', 'Q': 'S_6', 'X': 'S_4', 'Z': 'T'}}, 'latimer_munro': {'setyawan_curtarolo': {'Γ': '\\Gamma', 'd': 'F', 'a': 'L', 'g': 'Z'}, 'hinuma': {'Γ': 'GAMMA', 'd': 'F_2', 'a': 'L', 'g': 'T'}}, 'hinuma': {'setyawan_curtarolo': {'GAMMA': '\\Gamma', 'T': 'Z', 'L': 'L', 'L_4': 'L_1', 'F_2': 'F', 'S_4': 'X', 'S_6': 'Q', 'H_4': 'B', 'H_6': 'B_1', 'M_4': 'P', 'M_6': 'P_1', 'M_8': 'P_2', 'L_2': 'L^{*}', 'F': 'F^{*}', 'S_0': 'X^{*}', 'S_2': 'S_2', 'H_0': 'H_0', 'H_2': 'H_2', 'M_0': 'P^{*}', 'M_2': 'P^{*}'}, 'latimer_munro': {'GAMMA': 'Γ', 'T': 'g', 'L': 'a', 'F_2': 'd', 'L_2': 'a^{*}', 'L_4': 'a^{*}', 'F': 'd^{*}', 'S_0': 'S_0', 'S_2': 'S_2', 'S_4': 'S_4', 'S_6': 'S_6', 'H_0': 'H_0', 'H_2': 'H_2', 'H_4': 'H_4', 'H_6': 'H_6', 'M_0': 'M_0', 'M_2': 'M_2', 'M_4': 'M_4', 'M_6': 'M_6', 'M_8': 'M_8'}}}, direct_gap=1.447499999999999) latimer_munro=BandStructureSummaryData(task_id=MPID(mp-2606842), band_gap=1.3072, cbm={'band_index': {'1': [62]}, 'kpoint_index': [5, 6, 18], 'kpoint': <pymatgen.electronic_structure.bandstructure.Kpoint object at 0x0000028839134290>, 'energy': 3.5645, 'projections': {'1': [[0.0086, 0.0086, 0.0, 0.0, 0.038400000000000004, 0.0219, 0.0219, 0.038400000000000004, 0.0045000000000000005, 0.012, 0.012, 0.012, 0.0045000000000000005, 0.012, 0.012, 0.0045000000000000005, 0.012, 0.0045000000000000005, 0.0045000000000000005, 0.0045000000000000005], [0.0, 0.0, 0.0, 0.0, 0.0, 0.0, 0.0, 0.0, 0.00030000000000000003, 0.0099, 0.0155, 0.0006000000000000001, 0.0105, 0.0154, 0.0006000000000000001, 0.0073, 0.0099, 0.0073, 0.0105, 0.00030000000000000003], [0.0001, 0.0001, 0.001, 0.001, 0.0, 0.0, 0.0, 0.0, 0.012400000000000001, 0.0091, 0.0027, 0.013900000000000001, 0.0012000000000000001, 0.0027, 0.013900000000000001, 0.0041, 0.0091, 0.0041, 0.0012000000000000001, 0.012400000000000001], [0.0032, 0.0032, 0.056400000000000006, 0.056400000000000006, 0.0, 0.001, 0.001, 0.0, 0.0002, 0.0037, 0.0044, 0.0081, 0.0012000000000000001, 0.0044, 0.0081, 0.0015, 0.0037, 0.0015, 0.0012000000000000001, 0.0002], [0.0, 0.0, 0.0, 0.0, 0.0, 0.0, 0.0, 0.0, 0.0, 0.0, 0.0, 0.0, 0.0002, 0.0, 0.0, 0.0002, 0.0, 0.0002, 0.0002, 0.0], [0.0, 0.0, 0.0, 0.0, 0.0, 0.0, 0.0, 0.0, 0.0, 0.0001, 0.0, 0.0002, 0.0, 0.0, 0.0002, 0.0, 0.0001, 0.0, 0.0, 0.0], [0.0, 0.0, 0.0, 0.0, 0.0, 0.0, 0.0, 0.0, 0.0002, 0.0004, 0.0, 0.0001, 0.0002, 0.0, 0.0001, 0.0, 0.0004, 0.0, 0.0002, 0.0002], [0.0, 0.0, 0.0, 0.0, 0.0, 0.0, 0.0, 0.0, 0.0001, 0.0, 0.0, 0.0001, 0.0002, 0.0, 0.0001, 0.0002, 0.0, 0.0002, 0.0002, 0.0001], [0.0, 0.0, 0.0, 0.0, 0.0, 0.0, 0.0, 0.0, 0.0004, 0.0002, 0.0007, 0.0004, 0.0002, 0.0007, 0.0004, 0.0004, 0.0002, 0.0004, 0.0002, 0.0004]]}}, vbm={'band_index': {'1': [61]}, 'kpoint_index': [11], 'kpoint': <pymatgen.electronic_structure.bandstructure.Kpoint object at 0x0000028839134E90>, 'energy': 2.2573, 'projections': {'1': [[0.0, 0.0, 0.016, 0.016, 0.0002, 0.0007, 0.0007, 0.0002, 0.0001, 0.0, 0.0, 0.0002, 0.0, 0.0, 0.0002, 0.0007, 0.0, 0.0007, 0.0, 0.0001], [0.0002, 0.0002, 0.0015, 0.0015, 0.0002, 0.0002, 0.0002, 0.0002, 0.011, 0.0041, 0.0014, 0.0135, 0.030600000000000002, 0.0014, 0.0135, 0.0103, 0.0041, 0.0103, 0.030600000000000002, 0.011], [0.0005, 0.0005, 0.0002, 0.0002, 0.0, 0.0, 0.0, 0.0, 0.0029000000000000002, 0.004200000000000001, 0.0257, 0.0247, 0.0048000000000000004, 0.0257, 0.0247, 0.0219, 0.004200000000000001, 0.0219, 0.0048000000000000004, 0.0029000000000000002], [0.0, 0.0, 0.0001, 0.0001, 0.0, 0.0005, 0.0005, 0.0, 0.0262, 0.0164, 0.0019, 0.0164, 0.0006000000000000001, 0.0019, 0.0164, 0.028300000000000002, 0.0164, 0.028300000000000002, 0.0006000000000000001, 0.0262], [0.0025, 0.0025, 0.0002, 0.0002, 0.0, 0.0, 0.0, 0.0, 0.0, 0.0, 0.0, 0.0, 0.0, 0.0, 0.0, 0.0001, 0.0, 0.0001, 0.0, 0.0], [0.023, 0.023, 0.0004, 0.0004, 0.0, 0.0, 0.0, 0.0, 0.0, 0.0, 0.0001, 0.0, 0.0, 0.0001, 0.0, 0.0, 0.0, 0.0, 0.0, 0.0], [0.0095, 0.0095, 0.0002, 0.0002, 0.0, 0.0, 0.0, 0.0, 0.0001, 0.0, 0.0, 0.0001, 0.0001, 0.0, 0.0001, 0.0, 0.0, 0.0, 0.0001, 0.0001], [0.0184, 0.0184, 0.00030000000000000003, 0.00030000000000000003, 0.0, 0.0, 0.0, 0.0, 0.0001, 0.0, 0.0, 0.0, 0.0, 0.0, 0.0, 0.0, 0.0, 0.0, 0.0, 0.0001], [0.0011, 0.0011, 0.0001, 0.0001, 0.0, 0.0, 0.0, 0.0, 0.0, 0.0, 0.0, 0.0, 0.0001, 0.0, 0.0, 0.0001, 0.0, 0.0001, 0.0001, 0.0]]}}, efermi=2.33196293, is_gap_direct=False, is_metal=False, magnetic_ordering='NM', nbands=96.0, equivalent_labels={'setyawan_curtarolo': {'latimer_munro': {'\\Gamma': 'Γ', 'F': 'd', 'L': 'a', 'Z': 'g', 'B': 'B', 'B_1': 'B_1', 'L_1': 'a^{*}', 'P': 'P', 'P_1': 'P_1', 'P_2': 'P_2', 'Q': 'Q', 'X': 'X'}, 'hinuma': {'\\Gamma': 'GAMMA', 'B': 'H_4', 'B_1': 'H_6', 'F': 'F_2', 'L': 'L', 'L_1': 'L_4', 'P': 'M_4', 'P_1': 'M_6', 'P_2': 'M_8', 'Q': 'S_6', 'X': 'S_4', 'Z': 'T'}}, 'latimer_munro': {'setyawan_curtarolo': {'Γ': '\\Gamma', 'd': 'F', 'a': 'L', 'g': 'Z'}, 'hinuma': {'Γ': 'GAMMA', 'd': 'F_2', 'a': 'L', 'g': 'T'}}, 'hinuma': {'setyawan_curtarolo': {'GAMMA': '\\Gamma', 'T': 'Z', 'L': 'L', 'L_4': 'L_1', 'F_2': 'F', 'S_4': 'X', 'S_6': 'Q', 'H_4': 'B', 'H_6': 'B_1', 'M_4': 'P', 'M_6': 'P_1', 'M_8': 'P_2', 'L_2': 'L^{*}', 'F': 'F^{*}', 'S_0': 'X^{*}', 'S_2': 'S_2', 'H_0': 'H_0', 'H_2': 'H_2', 'M_0': 'P^{*}', 'M_2': 'P^{*}'}, 'latimer_munro': {'GAMMA': 'Γ', 'T': 'g', 'L': 'a', 'F_2': 'd', 'L_2': 'a^{*}', 'L_4': 'a^{*}', 'F': 'd^{*}', 'S_0': 'S_0', 'S_2': 'S_2', 'S_4': 'S_4', 'S_6': 'S_6', 'H_0': 'H_0', 'H_2': 'H_2', 'H_4': 'H_4', 'H_6': 'H_6', 'M_0': 'M_0', 'M_2': 'M_2', 'M_4': 'M_4', 'M_6': 'M_6', 'M_8': 'M_8'}}}, direct_gap=1.447499999999999)",4,,,[],,2.2741,False,,,False,,"[XASSearchData(edge=<XasEdge.K: 'K'>, absorbing_element=Element Ag, spectrum_type=<XasType.XANES: 'XANES'>), XASSearchData(edge=<XasEdge.K: 'K'>, absorbing_element=Element Bi, spectrum_type=<XasType.XANES: 'XANES'>), XASSearchData(edge=<XasEdge.K: 'K'>, absorbing_element=Element P, spectrum_type=<XasType.XANES: 'XANES'>), XASSearchData(edge=<XasEdge.K: 'K'>, absorbing_element=Element Se, spectrum_type=<XasType.XANES: 'XANES'>), XASSearchData(edge=<XasEdge.K: 'K'>, absorbing_element=Element Ag, spectrum_type=<XasType.EXAFS: 'EXAFS'>), XASSearchData(edge=<XasEdge.K: 'K'>, absorbing_element=Element Bi, spectrum_type=<XasType.EXAFS: 'EXAFS'>), XASSearchData(edge=<XasEdge.K: 'K'>, absorbing_element=Element P, spectrum_type=<XasType.EXAFS: 'EXAFS'>), XASSearchData(edge=<XasEdge.K: 'K'>, absorbing_element=Element Se, spectrum_type=<XasType.EXAFS: 'EXAFS'>), XASSearchData(edge=<XasEdge.K: 'K'>, absorbing_element=Element Ag, spectrum_type=<XasType.XAFS: 'XAFS'>), XASSearchData(edge=<XasEdge.K: 'K'>, absorbing_element=Element Bi, spectrum_type=<XasType.XAFS: 'XAFS'>), XASSearchData(edge=<XasEdge.K: 'K'>, absorbing_element=Element P, spectrum_type=<XasType.XAFS: 'XAFS'>), XASSearchData(edge=<XasEdge.K: 'K'>, absorbing_element=Element Se, spectrum_type=<XasType.XAFS: 'XAFS'>)]",,-4.319819855,"Full Formula (Ag2 Bi2 P4 Se12)
Reduced Formula: AgBi(PSe3)2
abc   :  14.861635  14.861635  14.861635
angles:  26.272250  26.272250  26.272251
pbc   :       True       True       True
Sites (20)
  #  SP           a         b         c    magmom
---  ----  --------  --------  --------  --------
  0  Ag    0.594134  0.594134  0.594134        -0
  1  Ag    0.405866  0.405866  0.405866        -0
  2  Bi    0.087367  0.087367  0.087367         0
  3  Bi    0.912633  0.912633  0.912633         0
  4  P     0.724184  0.724184  0.724184         0
  5  P     0.777376  0.777376  0.777376         0
  6  P     0.222624  0.222624  0.222624         0
  7  P     0.275816  0.275816  0.275816         0
  8  Se    0.498579  0.751583  0.124023        -0
  9  Se    0.007776  0.730089  0.385434        -0
 10  Se    0.614566  0.992224  0.269911        -0
 11  Se    0.730089  0.385434  0.007776        -0
 12  Se    0.751583  0.124023  0.498579        -0
 13  Se    0.385434  0.007776  0.730089        -0
 14  Se    0.269911  0.614566  0.992224        -0
 15  Se    0.124023  0.498579  0.751583        -0
 16  Se    0.992224  0.269911  0.614566        -0
 17  Se    0.875977  0.501421  0.248417        -0
 18  Se    0.248417  0.875977  0.501421        -0
 19  Se    0.501421  0.248417  0.875977        -0",0,3.5519,,"total={'1': DosSummaryData(task_id=MPID(mp-1765995), band_gap=1.3575, cbm=3.566, vbm=2.2085, efermi=2.21172144, spin_polarization=None)} elemental={Element Ag: {'total': {'1': DosSummaryData(task_id=MPID(mp-1765995), band_gap=1.3829, cbm=3.5914, vbm=2.2085, efermi=2.21172144, spin_polarization=None)}, 's': {'1': DosSummaryData(task_id=MPID(mp-1765995), band_gap=1.3829, cbm=3.5914, vbm=2.2085, efermi=2.21172144, spin_polarization=None)}, 'p': {'1': DosSummaryData(task_id=MPID(mp-1765995), band_gap=1.3956, cbm=3.6041, vbm=2.2085, efermi=2.21172144, spin_polarization=None)}, 'd': {'1': DosSummaryData(task_id=MPID(mp-1765995), band_gap=1.4083, cbm=3.6168, vbm=2.2085, efermi=2.21172144, spin_polarization=None)}}, Element Bi: {'total': {'1': DosSummaryData(task_id=MPID(mp-1765995), band_gap=1.3575, cbm=3.566, vbm=2.2085, efermi=2.21172144, spin_polarization=None)}, 's': {'1': DosSummaryData(task_id=MPID(mp-1765995), band_gap=1.4844, cbm=3.6929, vbm=2.2085, efermi=2.21172144, spin_polarization=None)}, 'p': {'1': DosSummaryData(task_id=MPID(mp-1765995), band_gap=1.3575, cbm=3.566, vbm=2.2085, efermi=2.21172144, spin_polarization=None)}, 'd': {'1': DosSummaryData(task_id=MPID(mp-1765995), band_gap=1.5605, cbm=3.769, vbm=2.2085, efermi=2.21172144, spin_polarization=None)}}, Element P: {'total': {'1': DosSummaryData(task_id=MPID(mp-1765995), band_gap=1.3575, cbm=3.566, vbm=2.2085, efermi=2.21172144, spin_polarization=None)}, 's': {'1': DosSummaryData(task_id=MPID(mp-1765995), band_gap=1.3575, cbm=3.566, vbm=2.2085, efermi=2.21172144, spin_polarization=None)}, 'p': {'1': DosSummaryData(task_id=MPID(mp-1765995), band_gap=1.3956, cbm=3.6041, vbm=2.2085, efermi=2.21172144, spin_polarization=None)}, 'd': {'1': DosSummaryData(task_id=MPID(mp-1765995), band_gap=25.3735, cbm=11.3684, vbm=-14.0051, efermi=2.21172144, spin_polarization=None)}}, Element Se: {'total': {'1': DosSummaryData(task_id=MPID(mp-1765995), band_gap=1.3702, cbm=3.5787, vbm=2.2085, efermi=2.21172144, spin_polarization=None)}, 's': {'1': DosSummaryData(task_id=MPID(mp-1765995), band_gap=1.3702, cbm=3.5787, vbm=2.2085, efermi=2.21172144, spin_polarization=None)}, 'p': {'1': DosSummaryData(task_id=MPID(mp-1765995), band_gap=1.3575, cbm=3.566, vbm=2.2085, efermi=2.21172144, spin_polarization=None)}, 'd': {'1': DosSummaryData(task_id=MPID(mp-1765995), band_gap=1.421, cbm=3.6295, vbm=2.2085, efermi=2.21172144, spin_polarization=None)}}} orbital={'s': {'1': DosSummaryData(task_id=MPID(mp-1765995), band_gap=1.3575, cbm=3.566, vbm=2.2085, efermi=2.21172144, spin_polarization=None)}, 'p': {'1': DosSummaryData(task_id=MPID(mp-1765995), band_gap=1.3575, cbm=3.566, vbm=2.2085, efermi=2.21172144, spin_polarization=None)}, 'd': {'1': DosSummaryData(task_id=MPID(mp-1765995), band_gap=1.4083, cbm=3.6168, vbm=2.2085, efermi=2.21172144, spin_polarization=None)}} magnetic_ordering='NM'",Ag2 Bi2 P4 Se12,Ag1 Bi1 P2 Se6
crystal_system=<CrystalSystem.mono: 'Monoclinic'> symbol='C2' hall=None number=5 point_group='2' symprec=0.1 angle_tolerance=5.0 version='2.5.0',True,-0.5870029005014871,,2.59070035,"Ag,Al,P,Se",3.82876892,0,,,[],,4.385035805906184,{},,2025-09-23 22:47:55.748000+00:00,-4.143295843,"[MPID(mp-1539509), MPID(mp-1444471), MPID(mp-1743494), MPID(mp-1541151), MPID(mp-1228964), MPID(mp-1776788)]",NM,1.6205999999999992,,,summary,False,"emmet_version='0.84.3rc4' pymatgen_version='2024.11.13' run_id='32bfb79c-5ce0-41ab-ab69-69ba9fb96205' batch_id=None database_version='2025.09.25' build_date=datetime.datetime(2024, 11, 21, 20, 5, 59, 798000, tzinfo=datetime.timezone.utc) license='BY-C'","['Ag+', 'Se2-', 'Al3+', 'P4+']",0.0063774,[],False,2.5114921978433575e-05,11.310439400000002,10,ABC2D6,mp-1228964,"[PropertyOrigin(name='structure', task_id=MPID(mp-1776788), last_updated=datetime.datetime(2020, 11, 10, 22, 3, 18, 387000, tzinfo=datetime.timezone.utc)), PropertyOrigin(name='energy', task_id=MPID(mp-1776788), last_updated=datetime.datetime(2025, 4, 7, 17, 2, 31, 123000, tzinfo=datetime.timezone.utc)), PropertyOrigin(name='magnetism', task_id=MPID(mp-1776788), last_updated=datetime.datetime(2020, 11, 10, 22, 3, 18, 387000, tzinfo=datetime.timezone.utc)), PropertyOrigin(name='dielectric', task_id=MPID(mp-1539509), last_updated=datetime.datetime(2020, 5, 9, 10, 46, 41, 147000, tzinfo=datetime.timezone.utc)), PropertyOrigin(name='piezoelectric', task_id=MPID(mp-1539509), last_updated=datetime.datetime(2020, 5, 9, 10, 46, 41, 147000, tzinfo=datetime.timezone.utc))]",0.0063774,2.735264243176516,,"{'materials': True, 'thermo': True, 'xas': False, 'grain_boundaries': False, 'chemenv': True, 'electronic_structure': True, 'absorption': False, 'bandstructure': False, 'dos': True, 'magnetism': True, 'elasticity': False, 'dielectric': True, 'piezoelectric': True, 'surface_properties': False, 'oxi_states': True, 'provenance': True, 'charge_density': True, 'eos': False, 'phonon': False, 'insertion_electrodes': False, 'substrates': False}",25.39287203629912,253.9287203629912,Ag-Al-P-Se,0.0,,False,,AlAg(PSe3)2,-0.042780213833334,,4,,0.07966557303136301,[],,2.5983,False,,7.481670480000001,True,,,,-4.426495843,"Full Formula (Al1 Ag1 P2 Se6)
Reduced Formula: AlAg(PSe3)2
abc   :   6.430891   6.430891   7.386182
angles:  81.979402  81.979402 120.035749
pbc   :       True       True       True
Sites (10)
  #  SP           a         b         c    magmom
---  ----  --------  --------  --------  --------
  0  Al    0.332937  0.667063  0                0
  1  Ag    0.667016  0.332984  0               -0
  2  P     0.050516  0.050763  0.841466         0
  3  P     0.949237  0.949484  0.158534         0
  4  Se    0.120804  0.433427  0.756268        -0
  5  Se    0.391053  0.036186  0.755739        -0
  6  Se    0.963814  0.608947  0.244261        -0
  7  Se    0.566573  0.879196  0.243732        -0
  8  Se    0.723335  0.765284  0.757111        -0
  9  Se    0.234716  0.276665  0.242889        -0",0,4.2189,,"total={'1': DosSummaryData(task_id=MPID(mp-1743494), band_gap=1.6205999999999992, cbm=4.2189, vbm=2.5983, efermi=2.59070035, spin_polarization=None)} elemental={Element Al: {'total': {'1': DosSummaryData(task_id=MPID(mp-1743494), band_gap=1.6205999999999992, cbm=4.2189, vbm=2.5983, efermi=2.59070035, spin_polarization=None)}, 's': {'1': DosSummaryData(task_id=MPID(mp-1743494), band_gap=1.6205999999999992, cbm=4.2189, vbm=2.5983, efermi=2.59070035, spin_polarization=None)}, 'p': {'1': DosSummaryData(task_id=MPID(mp-1743494), band_gap=1.6205999999999992, cbm=4.2189, vbm=2.5983, efermi=2.59070035, spin_polarization=None)}, 'd': {'1': DosSummaryData(task_id=MPID(mp-1743494), band_gap=30.5766, cbm=16.6177, vbm=-13.9589, efermi=2.59070035, spin_polarization=None)}}, Element Ag: {'total': {'1': DosSummaryData(task_id=MPID(mp-1743494), band_gap=1.6205999999999992, cbm=4.2189, vbm=2.5983, efermi=2.59070035, spin_polarization=None)}, 's': {'1': DosSummaryData(task_id=MPID(mp-1743494), band_gap=1.6205999999999992, cbm=4.2189, vbm=2.5983, efermi=2.59070035, spin_polarization=None)}, 'p': {'1': DosSummaryData(task_id=MPID(mp-1743494), band_gap=1.6205999999999992, cbm=4.2189, vbm=2.5983, efermi=2.59070035, spin_polarization=None)}, 'd': {'1': DosSummaryData(task_id=MPID(mp-1743494), band_gap=1.6205999999999992, cbm=4.2189, vbm=2.5983, efermi=2.59070035, spin_polarization=None)}}, Element P: {'total': {'1': DosSummaryData(task_id=MPID(mp-1743494), band_gap=1.6205999999999992, cbm=4.2189, vbm=2.5983, efermi=2.59070035, spin_polarization=None)}, 's': {'1': DosSummaryData(task_id=MPID(mp-1743494), band_gap=1.6205999999999992, cbm=4.2189, vbm=2.5983, efermi=2.59070035, spin_polarization=None)}, 'p': {'1': DosSummaryData(task_id=MPID(mp-1743494), band_gap=1.6205999999999992, cbm=4.2189, vbm=2.5983, efermi=2.59070035, spin_polarization=None)}, 'd': {'1': DosSummaryData(task_id=MPID(mp-1743494), band_gap=30.5766, cbm=16.6177, vbm=-13.9589, efermi=2.59070035, spin_polarization=None)}}, Element Se: {'total': {'1': DosSummaryData(task_id=MPID(mp-1743494), band_gap=1.6205999999999992, cbm=4.2189, vbm=2.5983, efermi=2.59070035, spin_polarization=None)}, 's': {'1': DosSummaryData(task_id=MPID(mp-1743494), band_gap=1.6205999999999992, cbm=4.2189, vbm=2.5983, efermi=2.59070035, spin_polarization=None)}, 'p': {'1': DosSummaryData(task_id=MPID(mp-1743494), band_gap=1.6205999999999992, cbm=4.2189, vbm=2.5983, efermi=2.59070035, spin_polarization=None)}, 'd': {'1': DosSummaryData(task_id=MPID(mp-1743494), band_gap=1.6205999999999992, cbm=4.2189, vbm=2.5983, efermi=2.59070035, spin_polarization=None)}}} orbital={'s': {'1': DosSummaryData(task_id=MPID(mp-1743494), band_gap=1.6205999999999992, cbm=4.2189, vbm=2.5983, efermi=2.59070035, spin_polarization=None)}, 'p': {'1': DosSummaryData(task_id=MPID(mp-1743494), band_gap=1.6205999999999992, cbm=4.2189, vbm=2.5983, efermi=2.59070035, spin_polarization=None)}, 'd': {'1': DosSummaryData(task_id=MPID(mp-1743494), band_gap=1.6205999999999992, cbm=4.2189, vbm=2.5983, efermi=2.59070035, spin_polarization=None)}} magnetic_ordering='NM'",Al1 Ag1 P2 Se6,Al1 Ag1 P2 Se6
crystal_system=<CrystalSystem.trig: 'Trigonal'> symbol='R3' hall=None number=146 point_group='3' symprec=0.1 angle_tolerance=5.0 version='2.5.0',True,-0.55887899333482,,3.68211813,"Al,Cu,P,Se",,0,,,[],,4.390067296366625,{},,2025-09-23 22:51:25.392000+00:00,-4.240798835,"[MPID(mp-1390097), MPID(mp-1733233), MPID(mp-1777394), MPID(mp-1228984)]",NM,0.8799,,,summary,False,"emmet_version='0.84.3rc4' pymatgen_version='2024.11.13' run_id='32bfb79c-5ce0-41ab-ab69-69ba9fb96205' batch_id=None database_version='2025.09.25' build_date=datetime.datetime(2024, 11, 21, 20, 6, 0, 804000, tzinfo=datetime.timezone.utc) license='BY-C'","['Cu+', 'Se2-', 'Al3+', 'P4+']",0.00024009999999900002,[],True,1.013623942623404e-06,,10,ABC2D6,mp-1228984,"[PropertyOrigin(name='structure', task_id=MPID(mp-1390097), last_updated=datetime.datetime(2020, 5, 3, 14, 28, 8, 581000, tzinfo=datetime.timezone.utc)), PropertyOrigin(name='energy', task_id=MPID(mp-1390097), last_updated=datetime.datetime(2025, 4, 7, 17, 13, 23, 858000, tzinfo=datetime.timezone.utc)), PropertyOrigin(name='magnetism', task_id=MPID(mp-1390097), last_updated=datetime.datetime(2020, 5, 3, 14, 28, 8, 581000, tzinfo=datetime.timezone.utc))]",0.00024009999999900002,,,"{'materials': True, 'thermo': True, 'xas': False, 'grain_boundaries': False, 'chemenv': True, 'electronic_structure': True, 'absorption': False, 'bandstructure': False, 'dos': True, 'magnetism': True, 'elasticity': False, 'dielectric': False, 'piezoelectric': False, 'surface_properties': False, 'oxi_states': True, 'provenance': True, 'charge_density': True, 'eos': False, 'phonon': False, 'insertion_electrodes': False, 'substrates': False}",23.687285777660954,236.87285777660955,Al-Cu-P-Se,0.0,,False,,AlCu(PSe3)2,-0.011120255333331,,4,,,[],,3.6711,False,,,True,,,,-4.523998834999999,"Full Formula (Al1 Cu1 P2 Se6)
Reduced Formula: AlCu(PSe3)2
abc   :   7.815991   7.815991   7.815991
angles:  47.421058  47.421058  47.421054
pbc   :       True       True       True
Sites (10)
  #  SP           a         b         c    magmom
---  ----  --------  --------  --------  --------
  0  Al    0.167241  0.167241  0.167241        -0
  1  Cu    0.832795  0.832795  0.832795        -0
  2  P     0.5533    0.5533    0.5533           0
  3  P     0.446099  0.446099  0.446099         0
  4  Se    0.930782  0.244751  0.564805        -0
  5  Se    0.564805  0.930782  0.244751        -0
  6  Se    0.244751  0.564805  0.930782        -0
  7  Se    0.084806  0.772709  0.402712        -0
  8  Se    0.402712  0.084806  0.772709        -0
  9  Se    0.772709  0.402712  0.084806        -0",0,4.551,,"total={'1': DosSummaryData(task_id=MPID(mp-1733233), band_gap=0.8799, cbm=4.551, vbm=3.6711, efermi=3.68211813, spin_polarization=None)} elemental={Element Al: {'total': {'1': DosSummaryData(task_id=MPID(mp-1733233), band_gap=0.8799, cbm=4.551, vbm=3.6711, efermi=3.68211813, spin_polarization=None)}, 's': {'1': DosSummaryData(task_id=MPID(mp-1733233), band_gap=0.8799, cbm=4.551, vbm=3.6711, efermi=3.68211813, spin_polarization=None)}, 'p': {'1': DosSummaryData(task_id=MPID(mp-1733233), band_gap=1.099899999999999, cbm=4.771, vbm=3.6711, efermi=3.68211813, spin_polarization=None)}, 'd': {'1': DosSummaryData(task_id=MPID(mp-1733233), band_gap=87.9902, cbm=19.2454, vbm=-68.7448, efermi=3.68211813, spin_polarization=None)}}, Element Cu: {'total': {'1': DosSummaryData(task_id=MPID(mp-1733233), band_gap=0.8799, cbm=4.551, vbm=3.6711, efermi=3.68211813, spin_polarization=None)}, 's': {'1': DosSummaryData(task_id=MPID(mp-1733233), band_gap=0.8799, cbm=4.551, vbm=3.6711, efermi=3.68211813, spin_polarization=None)}, 'p': {'1': DosSummaryData(task_id=MPID(mp-1733233), band_gap=1.1879, cbm=4.859, vbm=3.6711, efermi=3.68211813, spin_polarization=None)}, 'd': {'1': DosSummaryData(task_id=MPID(mp-1733233), band_gap=0.923899999999999, cbm=4.595, vbm=3.6711, efermi=3.68211813, spin_polarization=None)}}, Element P: {'total': {'1': DosSummaryData(task_id=MPID(mp-1733233), band_gap=0.8799, cbm=4.551, vbm=3.6711, efermi=3.68211813, spin_polarization=None)}, 's': {'1': DosSummaryData(task_id=MPID(mp-1733233), band_gap=0.8799, cbm=4.551, vbm=3.6711, efermi=3.68211813, spin_polarization=None)}, 'p': {'1': DosSummaryData(task_id=MPID(mp-1733233), band_gap=0.8799, cbm=4.551, vbm=3.6711, efermi=3.68211813, spin_polarization=None)}, 'd': {'1': DosSummaryData(task_id=MPID(mp-1733233), band_gap=87.9902, cbm=19.2454, vbm=-68.7448, efermi=3.68211813, spin_polarization=None)}}, Element Se: {'total': {'1': DosSummaryData(task_id=MPID(mp-1733233), band_gap=0.8799, cbm=4.551, vbm=3.6711, efermi=3.68211813, spin_polarization=None)}, 's': {'1': DosSummaryData(task_id=MPID(mp-1733233), band_gap=0.8799, cbm=4.551, vbm=3.6711, efermi=3.68211813, spin_polarization=None)}, 'p': {'1': DosSummaryData(task_id=MPID(mp-1733233), band_gap=0.8799, cbm=4.551, vbm=3.6711, efermi=3.68211813, spin_polarization=None)}, 'd': {'1': DosSummaryData(task_id=MPID(mp-1733233), band_gap=0.923899999999999, cbm=4.595, vbm=3.6711, efermi=3.68211813, spin_polarization=None)}}} orbital={'s': {'1': DosSummaryData(task_id=MPID(mp-1733233), band_gap=0.8799, cbm=4.551, vbm=3.6711, efermi=3.68211813, spin_polarization=None)}, 'p': {'1': DosSummaryData(task_id=MPID(mp-1733233), band_gap=0.8799, cbm=4.551, vbm=3.6711, efermi=3.68211813, spin_polarization=None)}, 'd': {'1': DosSummaryData(task_id=MPID(mp-1733233), band_gap=0.923899999999999, cbm=4.595, vbm=3.6711, efermi=3.68211813, spin_polarization=None)}} magnetic_ordering='NM'",Al1 Cu1 P2 Se6,Al1 Cu1 P2 Se6
